USE MatriculaCurso
GO
CREATE TABLE Curso (
    Codigo INT PRIMARY KEY,
    Nome VARCHAR(200),
    Duracao INT
);
GO
CREATE TABLE Disciplinas (
    Codigo VARCHAR(10) PRIMARY KEY,
    Nome VARCHAR(100),
    Carga_Horaria INT
);
GO
CREATE TABLE Disciplina_Curso (
    Codigo_Disciplina VARCHAR(10),
    Codigo_Curso INT,
    PRIMARY KEY (Codigo_Disciplina, Codigo_Curso),
    FOREIGN KEY (Codigo_Disciplina) REFERENCES Disciplinas(Codigo),
    FOREIGN KEY (Codigo_Curso) REFERENCES Curso(Codigo)
);


INSERT INTO Curso (Codigo, Nome, Duracao)
VALUES
(48, 'Análise e Desenvolvimento de Sistemas', 2880),
(51, 'Logistica', 2880),
(67, 'Polímeros', 2880),
(73, 'Comércio Exterior', 2600),
(94, 'Gestão Empresarial', 2600);
GO
INSERT INTO Disciplinas (Codigo, Nome, Carga_Horaria)
VALUES
('ALG001', 'Algoritmos', 80),
('ADM001', 'Administração', 80),
('LHW010', 'Laboratório de Hardware', 40),
('LPO001', 'Pesquisa Operacional', 80),
('FIS003', 'Física I', 80),
('FIS007', 'Físico Química', 80),
('CMX001', 'Comércio Exterior', 80),
('MKT002', 'Fundamentos de Marketing', 80),
('INF001', 'Informática', 40),
('ASI001', 'Sistemas de Informação', 80);
GO
INSERT INTO Disciplina_Curso (Codigo_Disciplina, Codigo_Curso)
VALUES
('ALG001', 48),
('ADM001', 48),
('ADM001', 51),
('ADM001', 73),
('ADM001', 94),
('LHW010', 48),
('LPO001', 51),
('FIS003', 67),
('FIS007', 67),
('CMX001', 51),
('CMX001', 73),
('MKT002', 51),
('MKT002', 94),
('INF001', 51),
('INF001', 73),
('ASI001', 48),
('ASI001', 94);

CREATE FUNCTION fn_informacoescurso(@codigo INT)
RETURNS @tabela TABLE (
	Codigo_Disciplina VARCHAR(10),
	Nome_Disciplina VARCHAR(100),
	Carga_Horaria_Disciplina INT,
	Nome_Curso VARCHAR(200)
)
AS
BEGIN
	DECLARE @codigo_disciplina VARCHAR(10), @disciplina VARCHAR(100), @carga INT, @curso VARCHAR(200)

	DECLARE c CURSOR 
		FOR SELECT d.Codigo, d.Nome, d.Carga_Horaria, c.Nome  FROM Curso c INNER JOIN Disciplina_Curso dc 
			ON c.Codigo = dc.Codigo_Curso INNER JOIN Disciplinas d ON d.Codigo = dc.Codigo_Disciplina 
			WHERE c.Codigo LIKE @codigo;
	OPEN c
	FETCH NEXT FROM c 
		INTO @codigo_disciplina, @disciplina, @carga, @curso
	WHILE @@FETCH_STATUS = 0
	BEGIN
		INSERT INTO @tabela VALUES (@codigo_disciplina, @disciplina, @carga, @curso)
 
		FETCH NEXT FROM c 
			INTO  @codigo_disciplina, @disciplina, @carga, @curso
	END
	CLOSE c
	DEALLOCATE c
	RETURN
END

SELECT * FROM fn_informacoescurso(48)
SELECT * FROM fn_informacoescurso(51)
SELECT * FROM fn_informacoescurso(67)
SELECT * FROM fn_informacoescurso(73)
SELECT * FROM fn_informacoescurso(94)